url,comma,cedilla,cedilla_share,examples,error
https://www.digi24.ro,237,100,0.2967,"Marea Britanie Poliţia antitero | dorit, dar nici menţinerea Româ | urtea de Apel Bucureşti a admis",
https://www.hotnews.ro,394,8,0.0199,ilor Stoica & Asociaţii Opinia s,
https://adevarul.ro,462,26,0.0533,Politică Securitate şi apărare E | Jurnalist Opinii Preşedintele Ni | preţuri mai mari. Câţi metri păt,
https://www.libertatea.ro,455,3,0.0066,rghe Hagi în Liga Naţiunilor: “E,
https://www.g4media.ro,521,130,0.1997,"a Sarcină, care a obţinut suspen | le Felipe al VI-lea şi de regina | Londra a anunţat marţi că muzeel",
https://www.gandul.ro,657,7,0.0105,ă în „matrimoniale” şi condamnat,
https://stirileprotv.ro,273,43,0.1361,orgescu scos cu cătuşe la mâini | ţie Călin Georgescu şi a omului | engleză oficial marţi. Stiri Sp,
https://www.mediafax.ro,1004,15,0.0147,litic Economic Justiţie Mediafax | EWS ALERT Vlad Bălţăţeanu s-a pr,
https://www.agerpres.ro,333,49,0.1283,presă Bucuresti Piaţa Presei Li | gramul de guvernare şi lista com | re a instabilităţii şi a neîncre,
https://www.zf.ro,44,579,0.9294,"Horia Ciorcilă, preşedintele BT | prima directivă NIS şi a început | ârziate sau anulate şi în octomb",
https://www.economica.net,174,108,0.383,ut News Extern Finanţe şi bănci | ermaniei a atins marţi înălţimea | blicat în transparenţă deciziona,
https://www.profit.ro,546,5,0.0091,Bănci Asigurări Piaţa de capita,
https://www.antena3.ro,249,64,0.2045,TV ACTUALITATE Educaţie Mediu Me | Podcast Antena3 CNN Ştiri de ult | 08 Sep Actualitate Şoferii româ,
https://observatornews.ro,131,225,0.632,"bservator360 Ce învăţăm azi Inte | mnă, de fapt, nu am ştiut unde s | 19:43 O mamă povesteşte cum a re",
https://www.romaniatv.net,124,28,0.1842,u 30 de zile. Sentinţa este defi | re a Guvernului Mureşan Siegfrie | ci când economia creşte să mai i,
https://www.b1tv.ro,121,3,0.0242,e vom vedea dacă reuşim să ne ap,
https://www.capital.ro,88,0,0.0,,
https://www.republica.ro,104,0,0.0,,
https://www.edupedu.ro,740,11,0.0146,are le avem în Educaţie 29 septe | are le avem în Educaţie Aviz neg,
https://www.europalibera.org,99,0,0.0,,
https://www.monitorulexpres.ro,1375,25,0.0179,lui Marius 7.4 C Braşov Publicit | ului candidat la preşedinţie Căl | ). Data primei apariţii 5 ianuar,
https://www.bizbrasov.ro,560,11,0.0193,Hotel din Poiana Braşov anunţă f | iotecile şi organizaţiile din Ro,
https://www.newsbv.ro,157,57,0.2664,"ele Cultura Din judeţ Bucătărie | iei, Gheorghe Hagi, şi-a asumat, | calităţile Podoleni şi Pipirig î",
https://www.bzi.ro,343,8,0.0228,să modifice legile şi vor să le,
https://www.ziaruldeiasi.ro,376,20,0.0505,Acasa - Ziarul de Iaşi - liderul | independenţei justiţiei” Națion,
https://www.monitorulcj.ro,97,6,0.0583,-> --> --> --> Redacţia Cod deon,
https://www.tion.ro,563,36,0.0601,ro - Timișoara Tion Ştiri Ştiri | erei evenimentului. Ştiri din Ti | saje electorale. 10 Ştiri din Ti,
https://www.opiniatimisoarei.ro,89,0,0.0,,
https://www.gov.ro,108,5,0.0442,5 Nov 18 Sep INFORMAŢIE DE PRESĂ,
https://www.bnr.ro,183,6,0.0317,Elemente de siguranţă Monede în,
https://www.brasovcity.ro,706,57,0.0747,", lit.a) din Ordonanţa de Urgenţ | Orașul Coroanei"" (reşedinţa jude | Postăvarul, se găseşte cea mai",
https://www.cfrcalatori.ro,198,24,0.1081,ic Intern Tarife Preţul integral | laţia de organizare şi funcţiona | i Harta Site Legislaţie Contrave,
https://www.emag.ro,5,2,0.2857,iilor postale PROTECŢIA CONSUMAT,
https://www.olx.ro,,,,,<HTTPError 403: 'Forbidden'>
https://www.altex.ro,,,,,"ConnectionResetError(10054, 'An existing connection was forcibly closed by the remote host', None, 10054, None)"
https://www.elefant.ro,5,0,0.0,,
https://ro.wikipedia.org/wiki/Pagina_principal%C4%83,131,1,0.0076,rkmençe Tagalog Tolışi Setswana,
